{
    "prepare_queue": {
        "installed": [],
        "uninstalled": []
    },
    "config_munge": {
        "files": {
            "config.xml": {
                "parents": {
                    "/*": [
                        {
                            "xml": "<feature name=\"Camera\"><param name=\"browser-package\" value=\"Camera\" /></feature>",
                            "count": 1
                        }
                    ]
                }
            }
        }
    },
    "installed_plugins": {
        "cordova-plugin-compat": {
            "PACKAGE_NAME": "com.cordovaplugincamerapreview.sampleapp"
        },
        "cordova-plugin-camera": {
            "PACKAGE_NAME": "com.cordovaplugincamerapreview.sampleapp"
        },
        "cordova-plugin-camera-preview": {
            "PACKAGE_NAME": "com.cordovaplugincamerapreview.sampleapp"
        },
        "cordova-plugin-device-orientation": {
            "PACKAGE_NAME": "com.cordovaplugincamerapreview.sampleapp"
        },
        "cordova-plugin-device-motion": {
            "PACKAGE_NAME": "com.cordovaplugincamerapreview.sampleapp"
        }
    },
    "dependent_plugins": {},
    "modules": [
        {
            "file": "plugins/cordova-plugin-camera/www/CameraConstants.js",
            "id": "cordova-plugin-camera.Camera",
            "pluginId": "cordova-plugin-camera",
            "clobbers": [
                "Camera"
            ]
        },
        {
            "file": "plugins/cordova-plugin-camera/www/CameraPopoverOptions.js",
            "id": "cordova-plugin-camera.CameraPopoverOptions",
            "pluginId": "cordova-plugin-camera",
            "clobbers": [
                "CameraPopoverOptions"
            ]
        },
        {
            "file": "plugins/cordova-plugin-camera/www/Camera.js",
            "id": "cordova-plugin-camera.camera",
            "pluginId": "cordova-plugin-camera",
            "clobbers": [
                "navigator.camera"
            ]
        },
        {
            "file": "plugins/cordova-plugin-camera/src/browser/CameraProxy.js",
            "id": "cordova-plugin-camera.CameraProxy",
            "pluginId": "cordova-plugin-camera",
            "runs": true
        },
        {
            "file": "plugins/cordova-plugin-camera-preview/www/CameraPreview.js",
            "id": "cordova-plugin-camera-preview.CameraPreview",
            "pluginId": "cordova-plugin-camera-preview",
            "clobbers": [
                "CameraPreview"
            ]
        },
        {
            "file": "plugins/cordova-plugin-device-orientation/www/CompassError.js",
            "id": "cordova-plugin-device-orientation.CompassError",
            "pluginId": "cordova-plugin-device-orientation",
            "clobbers": [
                "CompassError"
            ]
        },
        {
            "file": "plugins/cordova-plugin-device-orientation/www/CompassHeading.js",
            "id": "cordova-plugin-device-orientation.CompassHeading",
            "pluginId": "cordova-plugin-device-orientation",
            "clobbers": [
                "CompassHeading"
            ]
        },
        {
            "file": "plugins/cordova-plugin-device-orientation/www/compass.js",
            "id": "cordova-plugin-device-orientation.compass",
            "pluginId": "cordova-plugin-device-orientation",
            "clobbers": [
                "navigator.compass"
            ]
        },
        {
            "file": "plugins/cordova-plugin-device-orientation/src/browser/CompassProxy.js",
            "id": "cordova-plugin-device-orientation.CompassProxy",
            "pluginId": "cordova-plugin-device-orientation",
            "runs": true
        },
        {
            "file": "plugins/cordova-plugin-device-motion/www/Acceleration.js",
            "id": "cordova-plugin-device-motion.Acceleration",
            "pluginId": "cordova-plugin-device-motion",
            "clobbers": [
                "Acceleration"
            ]
        },
        {
            "file": "plugins/cordova-plugin-device-motion/www/accelerometer.js",
            "id": "cordova-plugin-device-motion.accelerometer",
            "pluginId": "cordova-plugin-device-motion",
            "clobbers": [
                "navigator.accelerometer"
            ]
        },
        {
            "file": "plugins/cordova-plugin-device-motion/src/browser/AccelerometerProxy.js",
            "id": "cordova-plugin-device-motion.AccelerometerProxy",
            "pluginId": "cordova-plugin-device-motion",
            "runs": true
        }
    ],
    "plugin_metadata": {
        "cordova-plugin-compat": "1.1.0",
        "cordova-plugin-camera": "2.4.0",
        "cordova-plugin-camera-preview": "0.9.0",
        "cordova-plugin-device-orientation": "1.0.6",
        "cordova-plugin-device-motion": "1.2.4"
    }
}