{
    "prepare_queue": {
        "installed": [],
        "uninstalled": []
    },
    "config_munge": {
        "files": {
            "config.xml": {
                "parents": {
                    "/*": [
                        {
                            "xml": "<feature name=\"CameraPreview\"><param name=\"ios-package\" onload=\"true\" value=\"CameraPreview\" /></feature>",
                            "count": 1
                        },
                        {
                            "xml": "<feature name=\"Camera\"><param name=\"ios-package\" value=\"CDVCamera\" /></feature>",
                            "count": 1
                        },
                        {
                            "xml": "<preference name=\"CameraUsesGeolocation\" value=\"false\" />",
                            "count": 1
                        },
                        {
                            "xml": "<feature name=\"Compass\"><param name=\"ios-package\" value=\"CDVCompass\" /></feature>",
                            "count": 1
                        },
                        {
                            "xml": "<feature name=\"Accelerometer\"><param name=\"ios-package\" value=\"CDVAccelerometer\" /></feature>",
                            "count": 1
                        },
                        {
                            "xml": "<feature name=\"File\"><param name=\"ios-package\" value=\"CDVFile\" /><param name=\"onload\" value=\"true\" /></feature>",
                            "count": 1
                        },
                        {
                            "xml": "<feature name=\"Notification\"><param name=\"ios-package\" value=\"CDVNotification\" /></feature>",
                            "count": 1
                        }
                    ]
                }
            },
            "*-Info.plist": {
                "parents": {
                    "NSCameraUsageDescription": [
                        {
                            "xml": "<string>your usage message</string>",
                            "count": 1
                        }
                    ],
                    "NSPhotoLibraryUsageDescription": [
                        {
                            "xml": "<string> </string>",
                            "count": 1
                        }
                    ],
                    "NSLocationWhenInUseUsageDescription": [
                        {
                            "xml": "<string />",
                            "count": 1
                        }
                    ]
                }
            }
        }
    },
    "installed_plugins": {
        "cordova-plugin-camera-preview": {
            "PACKAGE_NAME": "com.cordovaplugincamerapreview.sampleapp"
        },
        "cordova-plugin-compat": {
            "PACKAGE_NAME": "com.cordovaplugincamerapreview.sampleapp"
        },
        "cordova-plugin-camera": {
            "CAMERA_USAGE_DESCRIPTION": "your usage message",
            "PHOTOLIBRARY_USAGE_DESCRIPTION": " ",
            "PACKAGE_NAME": "com.cordovaplugincamerapreview.sampleapp"
        },
        "cordova-plugin-device-orientation": {
            "PACKAGE_NAME": "com.cordovaplugincamerapreview.sampleapp"
        },
        "cordova-plugin-device-motion": {
            "PACKAGE_NAME": "com.cordovaplugincamerapreview.sampleapp"
        },
        "cordova-plugin-file": {
            "PACKAGE_NAME": "com.cordovaplugincamerapreview.sampleapp"
        },
        "cordova-plugin-dialogs": {
            "PACKAGE_NAME": "com.cordovaplugincamerapreview.sampleapp"
        }
    },
    "dependent_plugins": {},
    "modules": [
        {
            "id": "cordova-plugin-camera-preview.CameraPreview",
            "file": "plugins/cordova-plugin-camera-preview/www/CameraPreview.js",
            "pluginId": "cordova-plugin-camera-preview",
            "clobbers": [
                "CameraPreview"
            ]
        },
        {
            "id": "cordova-plugin-camera.Camera",
            "file": "plugins/cordova-plugin-camera/www/CameraConstants.js",
            "pluginId": "cordova-plugin-camera",
            "clobbers": [
                "Camera"
            ]
        },
        {
            "id": "cordova-plugin-camera.CameraPopoverOptions",
            "file": "plugins/cordova-plugin-camera/www/CameraPopoverOptions.js",
            "pluginId": "cordova-plugin-camera",
            "clobbers": [
                "CameraPopoverOptions"
            ]
        },
        {
            "id": "cordova-plugin-camera.camera",
            "file": "plugins/cordova-plugin-camera/www/Camera.js",
            "pluginId": "cordova-plugin-camera",
            "clobbers": [
                "navigator.camera"
            ]
        },
        {
            "id": "cordova-plugin-camera.CameraPopoverHandle",
            "file": "plugins/cordova-plugin-camera/www/ios/CameraPopoverHandle.js",
            "pluginId": "cordova-plugin-camera",
            "clobbers": [
                "CameraPopoverHandle"
            ]
        },
        {
            "id": "cordova-plugin-device-orientation.CompassError",
            "file": "plugins/cordova-plugin-device-orientation/www/CompassError.js",
            "pluginId": "cordova-plugin-device-orientation",
            "clobbers": [
                "CompassError"
            ]
        },
        {
            "id": "cordova-plugin-device-orientation.CompassHeading",
            "file": "plugins/cordova-plugin-device-orientation/www/CompassHeading.js",
            "pluginId": "cordova-plugin-device-orientation",
            "clobbers": [
                "CompassHeading"
            ]
        },
        {
            "id": "cordova-plugin-device-orientation.compass",
            "file": "plugins/cordova-plugin-device-orientation/www/compass.js",
            "pluginId": "cordova-plugin-device-orientation",
            "clobbers": [
                "navigator.compass"
            ]
        },
        {
            "id": "cordova-plugin-device-motion.Acceleration",
            "file": "plugins/cordova-plugin-device-motion/www/Acceleration.js",
            "pluginId": "cordova-plugin-device-motion",
            "clobbers": [
                "Acceleration"
            ]
        },
        {
            "id": "cordova-plugin-device-motion.accelerometer",
            "file": "plugins/cordova-plugin-device-motion/www/accelerometer.js",
            "pluginId": "cordova-plugin-device-motion",
            "clobbers": [
                "navigator.accelerometer"
            ]
        },
        {
            "id": "cordova-plugin-file.DirectoryEntry",
            "file": "plugins/cordova-plugin-file/www/DirectoryEntry.js",
            "pluginId": "cordova-plugin-file",
            "clobbers": [
                "window.DirectoryEntry"
            ]
        },
        {
            "id": "cordova-plugin-file.DirectoryReader",
            "file": "plugins/cordova-plugin-file/www/DirectoryReader.js",
            "pluginId": "cordova-plugin-file",
            "clobbers": [
                "window.DirectoryReader"
            ]
        },
        {
            "id": "cordova-plugin-file.Entry",
            "file": "plugins/cordova-plugin-file/www/Entry.js",
            "pluginId": "cordova-plugin-file",
            "clobbers": [
                "window.Entry"
            ]
        },
        {
            "id": "cordova-plugin-file.File",
            "file": "plugins/cordova-plugin-file/www/File.js",
            "pluginId": "cordova-plugin-file",
            "clobbers": [
                "window.File"
            ]
        },
        {
            "id": "cordova-plugin-file.FileEntry",
            "file": "plugins/cordova-plugin-file/www/FileEntry.js",
            "pluginId": "cordova-plugin-file",
            "clobbers": [
                "window.FileEntry"
            ]
        },
        {
            "id": "cordova-plugin-file.FileError",
            "file": "plugins/cordova-plugin-file/www/FileError.js",
            "pluginId": "cordova-plugin-file",
            "clobbers": [
                "window.FileError"
            ]
        },
        {
            "id": "cordova-plugin-file.FileReader",
            "file": "plugins/cordova-plugin-file/www/FileReader.js",
            "pluginId": "cordova-plugin-file",
            "clobbers": [
                "window.FileReader"
            ]
        },
        {
            "id": "cordova-plugin-file.FileSystem",
            "file": "plugins/cordova-plugin-file/www/FileSystem.js",
            "pluginId": "cordova-plugin-file",
            "clobbers": [
                "window.FileSystem"
            ]
        },
        {
            "id": "cordova-plugin-file.FileUploadOptions",
            "file": "plugins/cordova-plugin-file/www/FileUploadOptions.js",
            "pluginId": "cordova-plugin-file",
            "clobbers": [
                "window.FileUploadOptions"
            ]
        },
        {
            "id": "cordova-plugin-file.FileUploadResult",
            "file": "plugins/cordova-plugin-file/www/FileUploadResult.js",
            "pluginId": "cordova-plugin-file",
            "clobbers": [
                "window.FileUploadResult"
            ]
        },
        {
            "id": "cordova-plugin-file.FileWriter",
            "file": "plugins/cordova-plugin-file/www/FileWriter.js",
            "pluginId": "cordova-plugin-file",
            "clobbers": [
                "window.FileWriter"
            ]
        },
        {
            "id": "cordova-plugin-file.Flags",
            "file": "plugins/cordova-plugin-file/www/Flags.js",
            "pluginId": "cordova-plugin-file",
            "clobbers": [
                "window.Flags"
            ]
        },
        {
            "id": "cordova-plugin-file.LocalFileSystem",
            "file": "plugins/cordova-plugin-file/www/LocalFileSystem.js",
            "pluginId": "cordova-plugin-file",
            "clobbers": [
                "window.LocalFileSystem"
            ],
            "merges": [
                "window"
            ]
        },
        {
            "id": "cordova-plugin-file.Metadata",
            "file": "plugins/cordova-plugin-file/www/Metadata.js",
            "pluginId": "cordova-plugin-file",
            "clobbers": [
                "window.Metadata"
            ]
        },
        {
            "id": "cordova-plugin-file.ProgressEvent",
            "file": "plugins/cordova-plugin-file/www/ProgressEvent.js",
            "pluginId": "cordova-plugin-file",
            "clobbers": [
                "window.ProgressEvent"
            ]
        },
        {
            "id": "cordova-plugin-file.fileSystems",
            "file": "plugins/cordova-plugin-file/www/fileSystems.js",
            "pluginId": "cordova-plugin-file"
        },
        {
            "id": "cordova-plugin-file.requestFileSystem",
            "file": "plugins/cordova-plugin-file/www/requestFileSystem.js",
            "pluginId": "cordova-plugin-file",
            "clobbers": [
                "window.requestFileSystem"
            ]
        },
        {
            "id": "cordova-plugin-file.resolveLocalFileSystemURI",
            "file": "plugins/cordova-plugin-file/www/resolveLocalFileSystemURI.js",
            "pluginId": "cordova-plugin-file",
            "merges": [
                "window"
            ]
        },
        {
            "id": "cordova-plugin-file.isChrome",
            "file": "plugins/cordova-plugin-file/www/browser/isChrome.js",
            "pluginId": "cordova-plugin-file",
            "runs": true
        },
        {
            "id": "cordova-plugin-file.iosFileSystem",
            "file": "plugins/cordova-plugin-file/www/ios/FileSystem.js",
            "pluginId": "cordova-plugin-file",
            "merges": [
                "FileSystem"
            ]
        },
        {
            "id": "cordova-plugin-file.fileSystems-roots",
            "file": "plugins/cordova-plugin-file/www/fileSystems-roots.js",
            "pluginId": "cordova-plugin-file",
            "runs": true
        },
        {
            "id": "cordova-plugin-file.fileSystemPaths",
            "file": "plugins/cordova-plugin-file/www/fileSystemPaths.js",
            "pluginId": "cordova-plugin-file",
            "merges": [
                "cordova"
            ],
            "runs": true
        },
        {
            "id": "cordova-plugin-dialogs.notification",
            "file": "plugins/cordova-plugin-dialogs/www/notification.js",
            "pluginId": "cordova-plugin-dialogs",
            "merges": [
                "navigator.notification"
            ]
        }
    ],
    "plugin_metadata": {
        "cordova-plugin-camera-preview": "0.9.0",
        "cordova-plugin-compat": "1.1.0",
        "cordova-plugin-camera": "2.4.0",
        "cordova-plugin-device-orientation": "1.0.6",
        "cordova-plugin-device-motion": "1.2.4",
        "cordova-plugin-file": "4.3.2",
        "cordova-plugin-dialogs": "1.3.2"
    }
}